{
  "ARIMA": {
    "order": [
      3,
      1,
      3
    ],
    "aic": -587.0292125095439,
    "bic": -553.6096453050405,
    "train_metrics": {
      "MAE": 0.1567323820967646,
      "MSE": 1.6577733553300322,
      "RMSE": 1.287545476994903,
      "MAPE": 0.3869209723895322,
      "R2": 0.7084471159624175
    }
  },
  "forecasts": {
    "0.5x": {
      "steps": 110,
      "metrics": {
        "MAE": 1.9220192322890732,
        "MSE": 4.46326358514476,
        "RMSE": 2.1126437430728258,
        "MAPE": 3.9926887195722633,
        "R2": -4.8112201312196765
      }
    },
    "1.0x": {
      "steps": 220,
      "metrics": {
        "MAE": 2.248379215419231,
        "MSE": 5.584434390023276,
        "RMSE": 2.3631407892936207,
        "MAPE": 4.65436836900532,
        "R2": -9.565541816661144
      }
    }
  }
}